Category,Level,Subfolder,ViewName,GUID,CommentID,Status,User,Body,CreatedDate,ImagePath
3D VIEWS,,,HOME,e9dbf86f-8c2c-4582-bbed-3ab65b928ac9,,,,,,vp0001.jpg
3D VIEWS,,,UNDERGROUND,428c95cd-963f-4eee-90f6-b66dfe1ba2b2,,,,,,vp0002.jpg
3D VIEWS,,,LEVEL 01,c173c65f-fc66-4205-b6e9-397069d61fab,,,,,,vp0003.jpg
3D VIEWS,,,LEVEL 02,ce7f2288-1f31-4559-bb85-b74286090112,,,,,,vp0004.jpg
3D VIEWS,,,CLUBHOUSE,7ceff5a1-a61d-44a2-9a1e-245307f4ccc1,,,,,,vp0005.jpg
3D VIEWS,ELE Panels,,B2.1 ,e5f3f04b-0dda-4277-8454-4f848d336fa6,,,,,,vp0006.jpg
3D VIEWS,ELE Panels,,A3,5e4be5b5-a3da-4fba-bd60-dafc20c39b12,,,,,,vp0007.jpg
3D VIEWS,ELE Panels,,A1,7cd13538-97a5-4d2f-8078-0f090a3c5779,,,,,,vp0008.jpg
3D VIEWS,ELE Panels,,B2,25e1a0b5-6ae8-4297-a855-74cff8161d1b,,,,,,vp0009.jpg
3D VIEWS,ELE Panels,,B3.2,e4c1c693-2b10-4c10-99af-febdbb6d5f07,,,,,,vp0010.jpg
3D VIEWS,ELE Panels,,C1,4fa37830-c57e-4124-b3de-7eaf48dd9787,,,,,,vp0011.jpg
3D VIEWS,ELE Panels,,C3,b50c9089-b7b5-4229-894b-523cfdaaad58,,,,,,vp0012.jpg
3D VIEWS,ELE Panels,,A4,dfcafb05-7b06-4014-8a82-740e8723cfc7,,,,,,vp0013.jpg
3D VIEWS,ELE Panels,,A1,4a264655-df51-4070-896b-f9da1b4400aa,,,,,,vp0014.jpg
CLASHES,UNDERGROUND,Closed,041 PL SW,4ea5c054-7333-4b1b-81b7-ac5e1bc0d16f,41,new,Diego,PL SW CLASHES WITH FOOTING,5/27/2025,vp0015.jpg
CLASHES,UNDERGROUND,Closed,041 PL SW,4ea5c054-7333-4b1b-81b7-ac5e1bc0d16f,145,resolved,Diego,Closed,7/30/2025,vp0015.jpg
CLASHES,UNDERGROUND,Closed,040 PL SW,fe2f4dec-8c5f-40ca-8466-5d52f9f1cd7b,40,new,Diego,PL SW RISER CLASHES WITH PIER AND COLUMN,5/27/2025,vp0016.jpg
CLASHES,UNDERGROUND,Closed,039 PL SW,ff8f38bf-8cf5-428a-8c7f-2d55146b2882,39,new,Diego,PL SW PIPE CLASHES WITH PIER,5/27/2025,vp0017.jpg
CLASHES,UNDERGROUND,Closed,038 PL SW,56646ace-fa4a-46ab-b9f9-0d453596c582,38,new,Diego,PL SW CLASHES WITH PIER,5/27/2025,vp0018.jpg
CLASHES,UNDERGROUND,Closed,037 PL SW,c40f3e0c-00f3-4c6d-a638-f788bb50791c,37,new,Diego,PL SW CLASHES WITH PIER AND IS OUTSIDE OF WALL,5/27/2025,vp0019.jpg
CLASHES,UNDERGROUND,Closed,036 PL SW,d485bc82-af12-4955-b18e-85e896599c48,36,new,Diego,PL SW PIPE CLASHES WITH FOUNDATION,5/27/2025,vp0020.jpg
CLASHES,UNDERGROUND,Closed,035 PL SW,471b8863-fb95-4af9-88f5-80b27da20ca9,35,new,Diego,PL SW CLASHES WITH FOUNDATION,5/27/2025,vp0021.jpg
CLASHES,UNDERGROUND,Closed,034 PL SW,3eb80a44-4fb2-4d3b-90a4-28ed22f58dcd,34,new,Diego,PL SW RISER CLASHES WITH PIER,5/27/2025,vp0022.jpg
CLASHES,UNDERGROUND,Closed,033 PL SW,448c1b1a-729f-4465-989f-9ebebea84ecd,33,new,Diego,PL SW RISER CLASHES WITH PIER,5/27/2025,vp0023.jpg
CLASHES,UNDERGROUND,Closed,032 PL SW,b599ade3-bc63-40d6-a9c6-c4b4e1c35696,32,new,Diego,PL SW CONNECTION POINT MISS-ALIGNED,5/27/2025,vp0024.jpg
CLASHES,UNDERGROUND,Closed,031 PL SW,e669cd2f-bbf1-4896-a5b9-236d9df6a04b,31,new,Diego,PL SW CLASHES WITH FOUNDATION,5/27/2025,vp0025.jpg
CLASHES,UNDERGROUND,Closed,030 PL SW,d658b070-6a8f-41ee-b21f-458d085917d7,30,new,Diego,PL SW CLASHES WITH FOUNDATION,5/27/2025,vp0026.jpg
CLASHES,UNDERGROUND,Closed,029 PL SW,54098247-6a03-4c2f-aa55-1e35e67d089a,29,new,Diego,PL SW PIPE CLASHES WITH FOOTING,5/27/2025,vp0027.jpg
CLASHES,UNDERGROUND,Closed,028 PL SW,f065fb37-c587-432b-9f64-7af652d33fbb,28,new,Diego,PL SW RISER CLASHES WITH PIER,5/27/2025,vp0028.jpg
CLASHES,UNDERGROUND,Closed,027 PL SW,30fb369f-6999-437b-a275-b6b6d2cc563a,27,new,Diego,PL SW PIPE CLASHES WITH PIER,5/27/2025,vp0029.jpg
CLASHES,UNDERGROUND,Closed,026 PL SW,25038e9a-a7d8-4fe2-bc41-56c02469796d,26,new,Diego,PL SW IS UNDER FOUNDATION,5/27/2025,vp0030.jpg
CLASHES,UNDERGROUND,Closed,024 PL SAN,7d927173-b541-485b-868b-04fbf9c272dd,24,new,Diego,PL SAN RISER CLASHES WITH FOOTING,5/27/2025,vp0031.jpg
CLASHES,UNDERGROUND,Closed,022 PL SAN,eb1058bb-cbda-44e9-9dc5-449a03623698,22,new,Diego,PL SAN CLASHES WITH FOOTING,5/27/2025,vp0032.jpg
CLASHES,UNDERGROUND,Closed,021 PL SAN,7a376678-f52a-44cb-8ab9-0d8d354afa1a,21,new,Diego,PL SAN MAIN CLASHES WITH FOOTING,5/27/2025,vp0033.jpg
CLASHES,UNDERGROUND,Closed,020 PL SAN,28c35db6-b4e4-4de9-a7b5-44f55e13eb63,20,new,Diego,PL SAN RISER CLASHES WITH PIER,5/27/2025,vp0034.jpg
CLASHES,UNDERGROUND,Closed,019 PL SAN,9def572b-205c-464e-af45-1e963e693490,19,new,Diego,PL SAN FITTING IS INSIDE OF PIER,5/27/2025,vp0035.jpg
CLASHES,UNDERGROUND,Closed,018 PL SAN,7adaa163-627a-4099-98a6-5af81813677b,18,new,Diego,PL SAN RISER CLASHES WITH PIER,5/27/2025,vp0036.jpg
CLASHES,UNDERGROUND,Closed,017 PL SAN,ce687aa7-2b4a-43ad-9410-af05975e4af0,17,new,Diego,PL SAN PIPE CLASHES WITH FOOTING,5/27/2025,vp0037.jpg
CLASHES,UNDERGROUND,Closed,016 PL SAN,d74bc596-eb74-4142-be82-4090f61d457f,16,new,Diego,PL SAN RISER CLASHES WITH PIER,5/27/2025,vp0038.jpg
CLASHES,UNDERGROUND,Closed,015 PL SAN,10cf4c2a-f2b4-420d-b5fb-383514e11596,15,new,Diego,PL SAN FITTING CLASHES WITH SHEERWALL FOUNDATION,5/27/2025,vp0039.jpg
CLASHES,UNDERGROUND,Closed,014 PL SAN,d07a166e-f5d0-4daa-b644-0d491983c434,14,new,Diego,PL SAN CLASHES WITH FOOTING,5/27/2025,vp0040.jpg
CLASHES,UNDERGROUND,Closed,013 PL SAN,152fc409-a3ee-4851-bde7-7442e2ba3d34,13,new,Diego,PL SAN CLASHES WITH PIER,5/27/2025,vp0041.jpg
CLASHES,UNDERGROUND,Closed,012 PL SAN,b9bba8c1-020e-4a89-9e4b-ff3509d51270,12,new,Diego,PL SAN CLASHES WITH PIER,5/27/2025,vp0042.jpg
CLASHES,UNDERGROUND,Closed,011 PL SAN,db3c0075-de69-48fd-996a-ac0bffd2b008,11,new,Diego,PL SAN CLASHES WITH PIER,5/27/2025,vp0043.jpg
CLASHES,UNDERGROUND,Closed,010 PL SAN,f60196e7-308e-40c3-9092-b1d3c900f62a,10,new,Diego,PL SAN CLASHES WITH PIER,5/27/2025,vp0044.jpg
CLASHES,UNDERGROUND,Closed,009 PL SAN,d3075140-3fae-4820-aa5e-87a3ba872841,9,new,Diego,"PL SAN CLASHES WITH PIER, PL SAN ALSO HAS SELF INTERSECTING PIPES",5/27/2025,vp0045.jpg
CLASHES,UNDERGROUND,Closed,008 PL SAN,6726ca25-b45c-4573-82e6-31318c0ffebc,8,new,Diego,PL SAN CLASHES WITH PIER,5/27/2025,vp0046.jpg
CLASHES,UNDERGROUND,Closed,007 PL SAN,e1f2297f-bc31-434d-a523-121039956c12,7,new,Diego,PL SAN BATHTUB PIPE CLASHES WITH PIER,5/27/2025,vp0047.jpg
CLASHES,UNDERGROUND,Closed,006 PL SAN,2cf70a5e-ec07-46a4-86b9-656c304ab95b,6,new,Diego,PL SAN CLASHES WITH WALL FOUNDATION,5/27/2025,vp0048.jpg
CLASHES,UNDERGROUND,Closed,004 PL SAN,a55c6209-52c7-4a99-a2cb-3b8f791ba8a8,4,new,Diego,PL SAN SINK CLASHES WITH PIER,5/27/2025,vp0049.jpg
CLASHES,UNDERGROUND,Closed,003 PL SAN,a20c2e24-6c75-4204-8bdb-2deb3ac43076,3,new,Diego,PL SAN RISER CLASHES WITH PIER,5/27/2025,vp0050.jpg
CLASHES,UNDERGROUND,Closed,002 PL SAN,c3cd0fd9-56d2-49c7-b18f-6145465f2328,2,new,Diego,PL SAN RISER CLASHES WITH PIER,5/27/2025,vp0051.jpg
CLASHES,UNDERGROUND,Closed,001 PL SAN,a79fe775-e9c4-4987-892b-5964a829fe71,1,new,Diego,PL RISER ON TOP OF FOUNDATION PIERS,5/27/2025,vp0052.jpg
CLASHES,UNDERGROUND,Closed,065 PL SAN,9cc4b9b2-3cc3-4354-9647-e3ad6fdcd3dd,65,new,Diego,,6/4/2025,vp0053.jpg
CLASHES,UNDERGROUND,Closed,052 CV SAN,46029bfb-5c0f-4c3e-a8f0-e9ed6b0bb56e,52,new,Diego,,6/4/2025,vp0054.jpg
CLASHES,UNDERGROUND,Closed,025 PL SAN,19cccd1b-06d9-4cef-9772-4e5ec4e7af6b,25,new,Diego,PL SAN CLASHES WITH WALL FOOTING,5/27/2025,vp0055.jpg
CLASHES,UNDERGROUND,Closed,061 PL SAN,841d0c1d-1fdc-44b3-aad1-437f953129f8,61,new,Diego,,6/4/2025,vp0056.jpg
CLASHES,UNDERGROUND,Closed,061 PL SAN,841d0c1d-1fdc-44b3-aad1-437f953129f8,144,resolved,Diego,Closed,7/30/2025,vp0056.jpg
CLASHES,UNDERGROUND,Closed,050 PL SAN,843fcd4d-82f9-4201-9b09-e681d220a9fd,50,new,Diego,PL SAN CLASHES WITH FOUNDATION,6/4/2025,vp0057.jpg
CLASHES,UNDERGROUND,Closed,096 PL/EE,009eeb05-e28c-4215-985e-d2470c2bfef8,96,new,Diego,LOWER SANITARY MAINS,7/16/2025,vp0058.jpg
CLASHES,UNDERGROUND,Closed,094 PL/ST,3d8a22c6-882a-4400-8bfd-6de2dcfa8f70,94,new,Diego,P-DRAIN CLASHES WITH ROCK PILE,7/9/2025,vp0059.jpg
CLASHES,UNDERGROUND,Closed,092 ST/PL,658a996c-efaa-44d3-8af5-b4a8d2a01a21,92,new,Diego,STORM CLASHES WITH ROCK PILE,7/9/2025,vp0060.jpg
CLASHES,UNDERGROUND,Closed,091 ST/PL,03b6d611-fad0-48f3-bfa3-6b1e0aacb192,91,new,Diego,,7/9/2025,vp0061.jpg
CLASHES,UNDERGROUND,Closed,093 ST/PL,7931ea41-9faa-4fd5-b0c6-8cffa1d449ad,93,new,Diego,SANITARY CLASHES WITH ROCK PILE,7/9/2025,vp0062.jpg
CLASHES,UNDERGROUND,Closed,100 PL/ST,d7b668d5-8e49-4488-8c1e-a28e822a4ae8,102,new,Diego,CONDENSATE CLASHING WITH FOUNDATION,7/23/2025,vp0063.jpg
CLASHES,UNDERGROUND,Closed,099 PL/EE,ef3f9ee0-1893-43bd-89e0-88c47a8fd588,101,new,Diego,,7/23/2025,vp0064.jpg
CLASHES,UNDERGROUND,Closed,098 PL/EE,5414a537-980f-4fef-b361-2cf006986403,98,new,Diego,PIPES TOO LOW AND CLASH WITH CONDUIT,7/16/2025,vp0065.jpg
CLASHES,UNDERGROUND,Closed,097 PL/EE,88e608d4-3209-484b-8370-c90429ddfdfb,97,new,Diego,Pipes are too low and clash with counduits,7/16/2025,vp0066.jpg
CLASHES,UNDERGROUND,Closed,096 PL/EE,7b9336f5-8ebd-4c40-8e84-989a6f956f99,,,,,,vp0067.jpg
CLASHES,UNDERGROUND,Closed,095 PL/EE,8d92ed07-f71f-474e-a731-2e90a22ea3c6,95,new,Diego,PIPES NEED TO BE RAISED,7/16/2025,vp0068.jpg
CLASHES,UNDERGROUND,Closed,051 PL SAN,9177d762-328b-4600-9476-ffa23a270b34,51,new,Diego,PL SAN CLASHES WITH FOUNDATION,6/4/2025,vp0069.jpg
CLASHES,UNDERGROUND,Closed,053 PL SAN,a47232e7-3400-4d68-a42c-9c56e00a1260,53,new,Diego,,6/4/2025,vp0070.jpg
CLASHES,UNDERGROUND,Closed,054 PL SAN,6475bef7-9800-41fd-ac39-85bf51264408,54,new,Diego,,6/4/2025,vp0071.jpg
CLASHES,UNDERGROUND,Closed,055 PL SAN,a910354e-761c-4f01-a429-7bb66825c754,55,new,Diego,,6/4/2025,vp0072.jpg
CLASHES,UNDERGROUND,Closed,056 PL SAN,f5013a37-fa38-43f3-8916-83d747553130,56,new,Diego,,6/4/2025,vp0073.jpg
CLASHES,UNDERGROUND,Closed,057 PL SAN,c8f1b77c-89e7-40b0-b79c-d4f7df1fb688,57,new,Diego,,6/4/2025,vp0074.jpg
CLASHES,UNDERGROUND,Closed,058 PL SAN,972ab778-c534-4d0c-bdab-abc915159984,58,new,Diego,,6/4/2025,vp0075.jpg
CLASHES,UNDERGROUND,Closed,059 PL SAN,5ed67a13-bb66-4cf1-9a22-4489b8d143ad,59,new,Diego,,6/4/2025,vp0076.jpg
CLASHES,UNDERGROUND,Closed,060 PL SAN,4e3bda17-b2da-4e04-b1c0-fccc5c57a159,60,new,Diego,,6/4/2025,vp0077.jpg
CLASHES,UNDERGROUND,Closed,064 PL SAN,7889b53d-9568-491f-8e72-8049100b3000,64,new,Diego,,6/4/2025,vp0078.jpg
CLASHES,UNDERGROUND,Closed,066 PL SAN,18085118-157e-4c41-8a3b-2ab9e5fe6aa8,66,new,Diego,,6/4/2025,vp0079.jpg
CLASHES,UNDERGROUND,Closed,067 FP,bbeea996-3a27-4bf3-95b5-f42d5ea3bab9,67,new,Diego,,6/4/2025,vp0080.jpg
CLASHES,UNDERGROUND,Closed,068 PL SAN/STORM,2f27f53b-896a-4b4f-b205-f51222f35e18,,,,,,vp0081.jpg
CLASHES,UNDERGROUND,Closed,069 PL SAN/STORM,45dc90a3-6299-4889-a46e-8ed4f4043285,69,new,Diego,,6/11/2025,vp0082.jpg
CLASHES,UNDERGROUND,Closed,070 PL COND,2422eb9f-a6ce-404b-9dc5-dc3c6f09ae87,70,new,Diego,Condensate clashes with froundation,6/11/2025,vp0083.jpg
CLASHES,UNDERGROUND,Closed,071 PL COND,2516bad9-292d-4e22-9ff2-52150f8c343d,71,new,Diego,Condensate clashes with foundation,6/11/2025,vp0084.jpg
CLASHES,UNDERGROUND,Closed,072 PL COND,ef84ab58-5249-404a-8cff-c66980521149,72,new,Diego,Condensate clashes with foundation,6/11/2025,vp0085.jpg
CLASHES,UNDERGROUND,Closed,073 PL P-DRAIN,a6c7e6a3-33ec-4765-b587-9b4a3be6ce04,73,new,Diego,P-DRAIN CLASHES WITH FOUNDATION,6/11/2025,vp0086.jpg
CLASHES,UNDERGROUND,Closed,074 PL COND,51f66654-d8c7-4513-8161-273c9f5dcc7f,,,,,,vp0087.jpg
CLASHES,UNDERGROUND,Closed,075 PL COND,a250a050-797a-4744-92ef-59f910cd3048,75,new,Diego,Condensate clashes with storm,6/11/2025,vp0088.jpg
CLASHES,UNDERGROUND,Closed,076 PL P-DRAIN,d12945ae-a389-4530-bb00-eacd1cbec925,76,new,Diego,pan drain clashes with sanitary,6/11/2025,vp0089.jpg
CLASHES,UNDERGROUND,Closed,077 PL P-DRAIN,4857a606-a505-4cae-bb12-3725b656bf8f,77,new,Diego,PAN DRAIN CLASHES WITH SANITARY,6/11/2025,vp0090.jpg
CLASHES,UNDERGROUND,Closed,079 PL COND,5988b581-1894-421e-9585-aec1da3e3d8d,79,new,Diego,CONDENSATE CLASHES WITH SANITARY,6/11/2025,vp0091.jpg
CLASHES,UNDERGROUND,Closed,080 PL P-DRAIN,7a70ef30-800e-469a-bb6f-5d2e111f84ce,80,new,Diego,P-DRAIN AND CONDESATE CLASH WITH SANITARY,6/11/2025,vp0092.jpg
CLASHES,UNDERGROUND,Closed,081 PL P-DRAIN,125c029f-25cb-46b6-a841-994964f13f12,81,new,Diego,,6/11/2025,vp0093.jpg
CLASHES,UNDERGROUND,Closed,082 PL P-DRAIN,8cf43cf0-2f55-4a7a-b90d-70638b656306,82,new,Diego,P-DRAIN CLASHES WITH SANITARY,6/11/2025,vp0094.jpg
CLASHES,UNDERGROUND,Closed,083 PL P-DRAIN,6bcaa706-e69f-43f5-9e1c-6188bda216dd,83,new,Diego,P-DRAIN CLASHES WITH SANITARY,6/11/2025,vp0095.jpg
CLASHES,UNDERGROUND,Closed,084 PL COND,22efa001-c6c9-4b97-84a3-721f32437e8f,84,new,Diego,CONDENSATE CLASHES WITH SANITARY,6/11/2025,vp0096.jpg
CLASHES,UNDERGROUND,Closed,085 PL P-DRAIN,1e8611f1-cc7e-4790-a39d-b117a79846e3,85,new,Diego,P-DRAIN CLASHES WITH SANITARY,6/11/2025,vp0097.jpg
CLASHES,UNDERGROUND,Closed,086 PL COND,a2228654-0dc3-417b-812a-0d3bc9e3497b,86,new,Diego,CONDENSATE CLASHES WITH SANITARY,6/11/2025,vp0098.jpg
CLASHES,UNDERGROUND,Closed,087 PL COND,01c6717d-cfe5-44ee-9694-9555005195e9,87,new,Diego,CONDENSATE CLASHES WITH SANITARY,6/11/2025,vp0099.jpg
CLASHES,UNDERGROUND,Closed,049 PL CON,2dba4252-e327-4d3c-a4a5-7b40c22bbfc9,49,new,Diego,,6/4/2025,vp0100.jpg
CLASHES,UNDERGROUND,Closed,048 EL,875e9f2c-02d8-4413-aa94-2e2c9fb02a96,48,new,Diego,CONDUITS GO UNDER THE FOUNDATION,5/28/2025,vp0101.jpg
CLASHES,UNDERGROUND,Closed,047 EL,870564f9-9cb2-46ac-bb7e-9da7cc254128,47,new,Diego,CONDUITS GO UNDER THE FOUNDATION,5/28/2025,vp0102.jpg
CLASHES,UNDERGROUND,Closed,045 PL/EE,10f7ec13-8f8f-49aa-9c68-477557581dd1,45,new,Diego,CONDUITS ARE NOT FULLY ENCASED IN CONCRETE,5/27/2025,vp0103.jpg
CLASHES,UNDERGROUND,Closed,046 PL/EE,7fdc616d-8d18-4aa6-94c0-ae4add3e7c80,46,new,Diego,CONDUITS ARE NOT FULLY ENCASED IN CONCRETE,5/27/2025,vp0104.jpg
CLASHES,UNDERGROUND,Closed,078 PL COND,cd871358-0fd6-4ddb-b86d-c6238bddd565,78,new,Diego,CONDENSATE CLASHES WITH SANITARY,6/11/2025,vp0105.jpg
CLASHES,UNDERGROUND,Closed,005 PL SAN,428b0466-b2ba-4d3b-91fe-83c5df81f656,5,new,Diego,PL SAN BATHTUB CLASHES WITH PIER,5/27/2025,vp0106.jpg
CLASHES,UNDERGROUND,Closed,023 PL SAN,3446fde4-5f35-4bfe-8bf4-b2e18449d7b7,23,new,Diego,PL SAN BATHTUB CLASHES WITH PIER,5/27/2025,vp0107.jpg
CLASHES,UNDERGROUND,Closed,062 PL SAN,fabd0cd8-2a28-4d2c-9299-18909d9a4d6b,62,new,Diego,,6/4/2025,vp0108.jpg
CLASHES,UNDERGROUND,Closed,063 PL SAN,32e342eb-1bd0-4fc1-a2c9-cd7465af4899,63,new,Diego,,6/4/2025,vp0109.jpg
CLASHES,UNDERGROUND,Closed,044 EE,8a9f2068-ed73-40de-87d2-778f0cd0fda9,44,new,Diego,CONDUITS ARE NOT FULLY ENCASED,5/27/2025,vp0110.jpg
CLASHES,UNDERGROUND,Closed,043 EE,be792c9d-454a-4cc7-9c7f-37def76e8cba,43,new,Diego,CONDUITS ARE NOT FULLY ENCASED IN CONCRETE,5/27/2025,vp0111.jpg
CLASHES,UNDERGROUND,Closed,042 PL/EE,586da361-0898-4e2e-988d-5e88537159aa,42,new,Diego,COUNDITS ARE NOT FULLY ENCASED IN CONCRETE,5/27/2025,vp0112.jpg
CLASHES,UNDERGROUND,Closed,088 EE/PL,9b8ef621-d733-4a78-9e8b-5ac0a2810a3c,88,new,Diego,ELECTRICAL CONDUITS CLASH WITH SANITARY,6/18/2025,vp0113.jpg
CLASHES,UNDERGROUND,Closed,089 PL/EE,8f7beac2-bd1d-4ac9-a595-6c61884d6f56,89,new,Diego,,6/18/2025,vp0114.jpg
CLASHES,UNDERGROUND,Closed,089 PL/EE,b58c9402-5719-49af-ad7d-a2da98b3b7c4,,,,,,vp0115.jpg
CLASHES,UNDERGROUND,Closed,090 PL/EE,d9d4eb02-f180-4239-9033-691d8c031fe6,90,new,Diego,,6/18/2025,vp0116.jpg
CLASHES,LEVEL 1,Open,*165 RFI MD,dd85f9d2-a507-4815-bafc-0ae812883d2f,169,new,Diego,UNDER REVIEW BY DESIGN TEAM,8/20/2025,vp0117.jpg
CLASHES,LEVEL 1,Open,*173 RFI SOFFIT EXTENSION,7dcbc52f-8119-4d6d-9452-7a3932caff57,177,new,Diego,RFI UNDER REVIEW EXTENSION/CREATION OF SOFFIT TO ACOMODATE PLUMBING RISERS,8/20/2025,vp0118.jpg
CLASHES,LEVEL 1,Open,*177 RFI MD AND SANITARY,baef7c50-804f-46b4-a154-3f989c02c93c,181,new,Diego,RFI UNDER REVIEW PLUMBING RISER DIRECTLY ON TOP OF DUCT. DUCT DIFFICULT TO MOVE OUT OF WAY,8/20/2025,vp0119.jpg
CLASHES,LEVEL 1,Open,*185 RFI MD CROSS,6a8972c3-a296-41f3-9351-73eed54b9072,189,new,Diego,HALLWAY CROSS,8/20/2025,vp0120.jpg
CLASHES,LEVEL 1,Open,*186 RFI FP,dca296ee-d6f5-4a87-9649-94083809d0be,190,new,Diego,RFI FIRE MAIN TO FIRE PUMP ROOM CHANGE,8/20/2025,vp0121.jpg
CLASHES,LEVEL 1,Open,*187 RFI CROSS,56c2e1ab-2e78-471f-834a-2539960fd7eb,191,new,Diego,RFI HALLWAY CROSS,8/20/2025,vp0122.jpg
CLASHES,LEVEL 1,Open,*196 RFI SAN RISER PL,98ddde27-a7a4-412d-a2ad-dd33fca50dd5,200,new,Diego,RFI TO EXTEND SLAB AND MOVE WALL TO STRAIGHTEN SANITARY RISER,9/3/2025,vp0123.jpg
CLASHES,LEVEL 1,Open,*197 RFI SOFIT PL,b6878120-3dc9-43f8-9d37-4ee2083e9edf,201,new,Diego,RFI EXTEND CEILING,9/3/2025,vp0124.jpg
CLASHES,LEVEL 1,Open,106 PL,03b8e57c-6c5f-4779-8536-7a908d229ae3,108,new,Diego,,7/23/2025,vp0125.jpg
CLASHES,LEVEL 1,Open,107 PL,8728f6e6-22a3-4442-90fc-4f6f4794a494,109,active,Diego,PIPE IN FITNESS CENTER IS UNDER REVIEW BY DESIGN TEAM,9/17/2025,vp0126.jpg
CLASHES,LEVEL 1,Open,142 MD,58b6aa1b-a016-422c-8988-6fe1ab445f85,146,new,Diego,EXPOSED DUCT  IN A2A NEEDS CEILING/SOFIT,9/17/2025,vp0127.jpg
CLASHES,LEVEL 1,Open,176 PL,4ecb5690-1dad-45f0-a639-5dcd660f3ad4,180,new,Diego,ADJUST SANITARY PIPE SO IT MATCHES LINE,8/20/2025,vp0128.jpg
CLASHES,LEVEL 1,Open,184 PL,c3f6a4d8-a962-45de-bb2b-5155bd754a23,188,new,Diego,SWAP PIPE RISER LOCATION AND RAISE CONDENSATE PIPE TO AVOID DUCT,8/20/2025,vp0129.jpg
CLASHES,LEVEL 1,Open,190 PL,a301d937-8c2b-43af-b75f-d92af3411f2b,194,new,Diego,,9/3/2025,vp0130.jpg
CLASHES,LEVEL 1,Open,191 PL,86a8d028-2cc3-4fc9-aa31-460c188941e4,195,new,Diego,RAISE PIPE ABOVE DUCT,9/3/2025,vp0131.jpg
CLASHES,LEVEL 1,Open,192 PL,3ea495d0-c742-462d-9880-4b6878a8f2fa,196,new,Diego,MOVE DOWN TIE TO THE CEILING,9/3/2025,vp0132.jpg
CLASHES,LEVEL 1,Open,193 PL,390724f5-d467-42ec-95f3-6ef5738f84e9,197,new,Diego,SEE #184,9/3/2025,vp0133.jpg
CLASHES,LEVEL 1,Open,225 FP,c2a9e5c7-bc2f-4c3d-b3ae-0ec95954f679,229,new,Diego,fire pipe is inside of the slab reinforcement,9/3/2025,vp0134.jpg
CLASHES,LEVEL 1,Open,227 PL,4ad940e1-0ec0-4443-8213-e9481eea5888,231,new,Diego,FIX SANITARY LINE SO ITS NOT CLASHING WITH THE DUCT,9/3/2025,vp0135.jpg
CLASHES,LEVEL 1,Open,229 PL,683542ee-e8c4-4ec1-8f82-e24bef526c51,233,new,Diego,ADJUST SANITARY RUN,9/3/2025,vp0136.jpg
CLASHES,LEVEL 1,Open,231 PL,a672bb47-54ed-4d9b-be2d-026b1944f67d,235,new,Diego,REROUTE SANITARY LINE,9/4/2025,vp0137.jpg
CLASHES,LEVEL 1,Open,232 MD CONFIRM RFI,d33335d4-5edb-4eba-af02-a1a848147d08,236,new,Diego,SANITARY LINE CLASHES WITH MECHANICAL DUCT,9/4/2025,vp0138.jpg
CLASHES,LEVEL 1,Open,233 PL,ea00270d-202e-43ea-bc0f-150fc134de92,237,new,Diego,STORM RISER CLASHES WITH DUCT,9/4/2025,vp0139.jpg
CLASHES,LEVEL 1,Open,240 FP REINFORCEMENT,bdca7445-9af9-4026-922a-16b593c67a49,244,new,Diego,MOVE AS SHOWN IN TYPE FIX,9/10/2025,vp0140.jpg
CLASHES,LEVEL 1,Open,241 FP TYPE FIX,5fca75a8-a63a-4a5a-a726-187ced7dcae2,245,new,Diego,"CEILING WILL BE LOWERED, OFFSET FIRE SPRINKLER PIPE AS SHOWN IN ALL INSTANCES WITH THE SLAB REINFORCEMENT",9/10/2025,vp0141.jpg
CLASHES,LEVEL 1,Open,246 MD/FP,c9c3b7c4-9939-4012-95c8-056116598463,250,new,Diego,UNDER REVIEW BY DESIGN TEAM,9/10/2025,vp0142.jpg
CLASHES,LEVEL 1,Open,247 MD/PL GYM,034e4158-2e1b-4b1f-999f-349b1c3ab1ac,251,new,Diego,UNDER REVIEW BY DESIGN TEAM,9/10/2025,vp0143.jpg
CLASHES,LEVEL 1,Open,248 FP,e9f12ca6-5962-40ac-943b-a113bc612f0c,252,new,Diego,MOVE FIRE SPRINKLERS AS SHOWN,9/10/2025,vp0144.jpg
CLASHES,LEVEL 1,Open,254 FP,dbfcd5bd-25b5-4532-9e0f-75d872ec7da1,258,new,Diego,MOVE FIRE SPRINKLERS AS SHOWN,9/10/2025,vp0145.jpg
CLASHES,LEVEL 1,Open,255 FP,e08fb5f8-3109-44ae-9319-5a278f6ceb6a,259,new,Diego,SEE TYPE FIX FOR AREA,9/10/2025,vp0146.jpg
CLASHES,LEVEL 1,Open,256 FP,68a3c5ed-c228-47c6-aa5e-0283e4ddbf78,260,new,Diego,SEE TYPE FIX FOR AREA,9/10/2025,vp0147.jpg
CLASHES,LEVEL 1,Open,257 FP,f3a81a91-8e92-432c-8cd3-1b5280722cb6,261,new,Diego,MOVE FIRE SPRINKLERS AS SHOWN,9/10/2025,vp0148.jpg
CLASHES,LEVEL 1,Open,265 FP,97d9a114-4522-4a43-85dc-208855a5a65f,269,new,Diego,MOVE FIRE SPRINKLERS AS SHOWN,9/10/2025,vp0149.jpg
CLASHES,LEVEL 1,Open,268 FP,545f7548-d1bc-4613-a171-af57e19a853c,272,new,Diego,CENTER SPRINKLER HEADS IN HALLWAY,9/10/2025,vp0150.jpg
CLASHES,LEVEL 1,Open,274 FP,14809cae-8395-467b-92e3-3c7c9c4ed5c4,278,new,Diego,SHIFT FIRE BRANCH AS SHOWN TO GIVE MORE ROOM FOR MECHANICAL ROOM TO GO ARROUND FIRE,9/24/2025,vp0151.jpg
CLASHES,LEVEL 1,Open,275 FP,616e22cc-671f-47ef-981a-a2ec5e3da2bf,279,new,Diego,SHIFT FIRE BRANCH AS SHOWN TO GIVE MORE ROOM FOR MECHANICAL ROOM TO GO ARROUND FIRE,9/24/2025,vp0152.jpg
CLASHES,LEVEL 1,Open,276 FP,96aec269-84aa-4e7d-bf90-2b38e78a734c,280,new,Diego,SHIFT FIRE BRANCH AS SHOWN TO GIVE MORE ROOM FOR MECHANICAL ROOM TO GO ARROUND FIRE,9/24/2025,vp0153.jpg
CLASHES,LEVEL 1,Open,277 FP,5919c133-39e6-4e85-b937-a162db2dd52c,281,new,Diego,SHIFT FIRE BRANCH AS SHOWN TO GIVE MORE ROOM FOR MECHANICAL ROOM TO GO ARROUND FIRE,9/24/2025,vp0154.jpg
CLASHES,LEVEL 1,Open,278 FP,de9d8ca9-c854-4da5-9a09-6f2b0af8c201,282,new,Diego,SHIFT FIRE BRANCH AS SHOWN TO GIVE MORE ROOM FOR MECHANICAL ROOM TO GO ARROUND FIRE,9/24/2025,vp0155.jpg
CLASHES,LEVEL 1,Open,280 FP,2ce6daee-67a9-40a3-9442-6d8e45bd862b,284,new,Diego,SHIFT FIRE BRANCH AS SHOWN TO GIVE MORE ROOM FOR MECHANICAL ROOM TO GO ARROUND FIRE,9/24/2025,vp0156.jpg
CLASHES,LEVEL 1,Open,281 FP,81002cc2-ced7-41d4-bae6-a935e6163897,285,new,Diego,SHIFT FIRE BRANCH AS SHOWN TO GIVE MORE ROOM FOR MECHANICAL ROOM TO GO ARROUND FIRE,9/24/2025,vp0157.jpg
CLASHES,LEVEL 1,Open,282 FP,757784c8-c47a-4dc1-8b91-0a204aed3420,286,new,Diego,SHIFT FIRE BRANCH AS SHOWN TO GIVE MORE ROOM FOR MECHANICAL ROOM TO GO ARROUND FIRE,9/24/2025,vp0158.jpg
CLASHES,LEVEL 1,Open,283 PL ,d138a29a-4f84-4131-96d1-c75c544d7ea1,287,new,Diego,THERE ARE SOME RISERS THAT BLOCK MECHANICAL DUCT FROM PASSING ,9/24/2025,vp0159.jpg
CLASHES,LEVEL 1,Open,284 FP,49239a6f-1e8a-42cb-8df1-dde1c1bd4c91,288,new,Diego,ADJUST FIRE MAIN TO MAKE ROOM FOR WATER MAIN TO ADJUST AND AVOID CROSSING,10/2/2025,vp0160.jpg
CLASHES,LEVEL 1,Open,284 PL OPTION B,d71b9a13-14cc-4332-98aa-992a1a157ab7,,,,,,vp0161.jpg
CLASHES,LEVEL 1,Open,285PL,e6c50ba9-2b77-4606-92ab-0984b51187cc,289,new,Diego,MOVE THE SANITARY LINE ALONG WALL TO  MAKE MORE ROOM FOR MECHANICAL DUCT,10/2/2025,vp0162.jpg
CLASHES,LEVEL 1,Open,286 PL,b27e8cd9-84ac-4551-9e91-ae10e580bff7,290,new,Diego,MOVE THE WATER MAIN WAY FROM THE COLUMN,10/2/2025,vp0163.jpg
CLASHES,LEVEL 1,Closed,148 MD,09eed89a-3990-459b-88e8-44063fa547cc,152,new,Diego,PIPE CLASHES WITH DUCT,8/6/2025,vp0164.jpg
CLASHES,LEVEL 1,Closed,104 ARC/PL,20a78ec6-9cbe-427f-938b-c0a452c7216a,106,new,Diego,PIPE OUT OF WALL,7/23/2025,vp0165.jpg
CLASHES,LEVEL 1,Closed,105 ARC,3bd09879-1690-49f5-ad60-47c5838f4e55,107,new,Diego,CEILING IS NEEDED,7/23/2025,vp0166.jpg
CLASHES,LEVEL 1,Closed,146 MD/PL,8f28a916-9f88-45bd-b197-2b847005820a,150,new,Diego,MOVE EXTRACTION GRILLE,8/6/2025,vp0167.jpg
CLASHES,LEVEL 1,Closed,151 PL type reroute,9e160f65-3761-4fce-afc1-633d8300791c,155,new,Diego,TYPE RE=ROUTE,8/6/2025,vp0168.jpg
CLASHES,LEVEL 1,Closed,101 PL Out of place,9efbbab4-e67b-49fc-9eba-82bdf1761384,103,new,Diego,PIPE IS OUT OF PLACE,7/23/2025,vp0169.jpg
CLASHES,LEVEL 1,Closed,109 MD,b3a520e0-b5b5-4781-9858-0ab803d6fd33,111,new,Diego,,7/30/2025,vp0170.jpg
CLASHES,LEVEL 1,Closed,111 MD/PL,16bece98-74bd-4f88-b8fe-b25ecdf0c32a,113,new,Diego,EXTRACTION GRILLE MUST BE MOVED,7/30/2025,vp0171.jpg
CLASHES,LEVEL 1,Closed,112 MD/PL,e156e454-76ef-43f3-8a21-500ab5b841a7,114,new,Diego,NEED DETAILS ON CONECTION,7/30/2025,vp0172.jpg
CLASHES,LEVEL 1,Closed,115 MD/PL,e0d2b61f-62e1-4c9c-8d39-e88964f07ea5,117,new,Diego,EXTRACTION GRILLE CLASHES WITH SANITARY,7/30/2025,vp0173.jpg
CLASHES,LEVEL 1,Closed,116 MD,f5218c53-09a9-4cc3-8fde-b269d09420f3,118,new,Diego,MD CLASHES WITH COLUMN,7/30/2025,vp0174.jpg
CLASHES,LEVEL 1,Closed,113 MD/FP,f5623583-9123-459a-895d-ffe040c6409f,115,new,Diego,FIRE CLASHES WITH MD AND DUCT IS HARD TO MOVE,7/30/2025,vp0175.jpg
CLASHES,LEVEL 1,Closed,118 MD,4e1625c3-7e30-45a6-9f4a-ab77f7c21242,120,new,Diego,,7/30/2025,vp0176.jpg
CLASHES,LEVEL 1,Closed,119 MD,d9864baf-87a7-48db-a29d-4c2ee349a7e3,121,new,Diego,,7/30/2025,vp0177.jpg
CLASHES,LEVEL 1,Closed,127 MD/PL,02b1605a-6897-48a4-9cc2-fa4958b2f19e,129,new,Diego,,7/30/2025,vp0178.jpg
CLASHES,LEVEL 1,Closed,140 MD/PL,fa20df34-feb4-40b4-b8d1-3fb018e408d2,142,new,Diego,,7/30/2025,vp0179.jpg
CLASHES,LEVEL 1,Closed,102 PL,88195ffa-383f-47cd-ac9b-db4752ca2749,104,new,Diego,PIPES AND DUCTS OUT OF PLACE,7/23/2025,vp0180.jpg
CLASHES,LEVEL 1,Closed,162 MD,b17a29a4-1751-4cc0-bba7-2a0e97e3422d,166,new,Diego,,8/13/2025,vp0181.jpg
CLASHES,LEVEL 1,Closed,161 MD,af8e50c0-7159-4525-8dbc-916e2bfe6d78,165,new,Diego,,8/13/2025,vp0182.jpg
CLASHES,LEVEL 1,Closed,159 MD,004c30dd-6f50-4611-8fc7-7c37aafa3c8e,163,new,Diego,,8/13/2025,vp0183.jpg
CLASHES,LEVEL 1,Closed,158 PL/MD,c6a2dc9c-9ed5-48b5-87ca-9ad03486df57,162,new,Diego,,8/13/2025,vp0184.jpg
CLASHES,LEVEL 1,Closed,157 MD/PL,91cfd05d-7d83-4a7f-9052-64b8ad853411,161,new,Diego,,8/13/2025,vp0185.jpg
CLASHES,LEVEL 1,Closed,155 MD,2c71243e-8a8b-4d81-ba25-d5ef18ae984d,159,new,Diego,,8/13/2025,vp0186.jpg
CLASHES,LEVEL 1,Closed,153 MD,1159b20a-5512-4a6f-bde0-57279f82dfd5,157,new,Diego,,8/13/2025,vp0187.jpg
CLASHES,LEVEL 1,Closed,117 MD,4b44abf1-f060-4891-9ddf-145907adf59c,119,new,Diego,,7/30/2025,vp0188.jpg
CLASHES,LEVEL 1,Closed,122 MD/PL,c92d5b74-57d1-4377-91fe-0dcb15d727c8,124,new,Diego,,7/30/2025,vp0189.jpg
CLASHES,LEVEL 1,Closed,121 MD,251520d8-5aec-47f4-ac38-fb21236707e7,123,new,Diego,,7/30/2025,vp0190.jpg
CLASHES,LEVEL 1,Closed,124 FP,ec4c10db-7cab-4fe7-805d-590df2f223cf,126,new,Diego,,7/30/2025,vp0191.jpg
CLASHES,LEVEL 1,Closed,125 MD,5a867066-8097-4bcd-972a-dffbfe4c6721,127,new,Diego,,7/30/2025,vp0192.jpg
CLASHES,LEVEL 1,Closed,129 MD,6f3e0423-2bf7-4399-811d-ae9262ebc913,131,new,Diego,,7/30/2025,vp0193.jpg
CLASHES,LEVEL 1,Closed,133 MD/PL,ea94dce3-07cd-427b-857c-9536e69c6ace,135,new,Diego,,7/30/2025,vp0194.jpg
CLASHES,LEVEL 1,Closed,137 MD/PL,f4d9d685-1df6-4fe5-baba-fcf2e25c3e31,139,new,Diego,,7/30/2025,vp0195.jpg
CLASHES,LEVEL 1,Closed,152 MD,43c95514-2c40-440c-8145-9cc02eb9307c,156,new,Diego,duct clashes with structure,8/13/2025,vp0196.jpg
CLASHES,LEVEL 1,Closed,144 MD/PL,53f53524-b7b1-4842-980a-941a08069ba5,148,new,Diego,EXTRACTION CLASHES WITH SANITARY,8/6/2025,vp0197.jpg
CLASHES,LEVEL 1,Closed,108 PL,279ab168-aef3-492c-b3bb-b2573e63d138,110,new,Diego,PIPE IS TOO LOW ,7/30/2025,vp0198.jpg
CLASHES,LEVEL 1,Closed,183 PL,c9df0d89-4730-4bbb-95d6-1018a03ce2f9,187,new,Diego,VENT PIPE CLASHES WITH CEILING,8/20/2025,vp0199.jpg
CLASHES,LEVEL 1,Closed,181 MD,32e1130a-737f-4d0d-a0d7-dc40cc6a754a,185,new,Diego,ADJUST FLEX DUCTS THEY CLASH WITH RISERS,8/20/2025,vp0200.jpg
CLASHES,LEVEL 1,Closed,180 EE,5966ab6e-ae3e-4d3c-81dd-35b0ab9ffced,184,new,Diego,ADJUST ELECTRICAL FEED SO IT DOESNT CLASH WITH RISERS,8/20/2025,vp0201.jpg
CLASHES,LEVEL 1,Closed,179 MD,7bb5f0ea-2742-49f9-ae7c-059f473dc57c,183,new,Diego,ADJUST EXTRACTION DUCT SO IT MATCHES LINE,8/20/2025,vp0202.jpg
CLASHES,LEVEL 1,Closed,178 MD,7bb974c9-cc5a-4b60-a347-936074eda23a,182,new,Diego,EXTRACTION DUCT CLASHES WITH SANITARY,8/20/2025,vp0203.jpg
CLASHES,LEVEL 1,Closed,175 PL,a07b08b7-6677-4cd4-b69a-b068932d09b2,179,new,Diego,ADJUST CW RISER SO IT MATCHES THE LINE,8/20/2025,vp0204.jpg
CLASHES,LEVEL 1,Closed,174 PL,5bbaf1b7-c2ca-41fb-960e-44895283d5d3,178,new,Diego,ADJUST ROUTE OF CW RISER SO IT MATCHES LINE,8/20/2025,vp0205.jpg
CLASHES,LEVEL 1,Closed,172 MD,ebfa0844-45ac-46b1-8e3c-f427af1bb64a,176,new,Diego,MOVE COOLANT LINES,8/20/2025,vp0206.jpg
CLASHES,LEVEL 1,Closed,171 PL,fb619f9e-a048-4bac-9457-e1159cecab31,175,new,Diego,ADJUST SANITARY PIPE TO 45 DEGREES,8/20/2025,vp0207.jpg
CLASHES,LEVEL 1,Closed,170 MD,f2a5f92a-2762-41e5-b899-b4b65ff66711,174,new,Diego,ADJUST FLEX DUCTS SO THEY DO NOT CLASH WITH PLUMBING,8/20/2025,vp0208.jpg
CLASHES,LEVEL 1,Closed,169 MD,3da2da62-416d-4999-a3c9-074a9f7fc72e,173,new,Diego,ADJUST EXTRACTION DUCT SO IT DOES NOT CLASH WITH PLUMBING,8/20/2025,vp0209.jpg
CLASHES,LEVEL 1,Closed,168 MD,9a41f88b-16e1-476d-ad24-de86a5a5957c,172,new,Diego,ADJUST MECHANICAL DUCT SO ITS NOT IN CONFLICT WITH SANITARY RISER,8/20/2025,vp0210.jpg
CLASHES,LEVEL 1,Closed,167 MD,dff1ee64-6bc8-4209-a697-663b7e8ec7d3,171,new,Diego,ADJUST FLEX DUCTS SO THEY DO NOT CLASH WITH SANIRATY AND RISERS,8/20/2025,vp0211.jpg
CLASHES,LEVEL 1,Closed,166 PL,918dae28-146d-4e03-acb5-9bace2e01e32,170,new,Diego,AJUST SANITARY PIPE SO IT MATCHES LINE IN BLACK,8/20/2025,vp0212.jpg
CLASHES,LEVEL 1,Closed,163 PL/MD,33c82ed7-e679-460e-92b6-ca8d8b8d72f7,167,new,Diego,PL MD,8/13/2025,vp0213.jpg
CLASHES,LEVEL 1,Closed,160 PL,9e7e06ad-69ad-45fe-b0b0-72a300414470,164,new,Diego,,8/13/2025,vp0214.jpg
CLASHES,LEVEL 1,Closed,145 MD/PL,448711bd-cdf2-408f-8886-3d7738124785,149,new,Diego,MD CLASH WITH PL AND EXTRACTION,8/6/2025,vp0215.jpg
CLASHES,LEVEL 1,Closed,154 MD,f2d038a3-ff74-4617-a997-2efae07e7450,158,new,Diego,DUCT CROSSES HALLWAY AND CLASHES,8/13/2025,vp0216.jpg
CLASHES,LEVEL 1,Closed,182 MD,d12bb553-8298-45a1-9741-73aa347bd027,186,new,Diego,ADJUST FLEX DUCTS TO AVOID RISERS,8/20/2025,vp0217.jpg
CLASHES,LEVEL 1,Closed,150 ARC,2d67416e-19e8-4fc7-a4e8-79f994262c00,154,new,Diego,DUCT AND PIPES DO NOT FIT IN CEILING,8/6/2025,vp0218.jpg
CLASHES,LEVEL 1,Closed,143 MD/PL,06df4d8e-f877-4692-b5cd-159eeb0a1856,147,new,Diego,SANITARY PIPE CLASHES WITH EXTRACTION ,8/6/2025,vp0219.jpg
CLASHES,LEVEL 1,Closed,110 PL/MD,1f722373-a2b7-4127-bf1c-7a0c7906e579,112,new,Diego,RELOCATE THE PAN DRAIN INSIDE THE CEILING,7/30/2025,vp0220.jpg
CLASHES,LEVEL 1,Closed,128 MD/FP,18c0fbf8-92f0-4c16-b534-eafbb7ea9de1,130,new,Diego,,7/30/2025,vp0221.jpg
CLASHES,LEVEL 1,Closed,114 PL/MD,f00f532e-35b5-44f3-b6f5-85e8c3632ec9,116,new,Diego,MOVE PIPE TO OTHER SIDE OF HALLWAY,7/30/2025,vp0222.jpg
CLASHES,LEVEL 1,Closed,132 FP/MD,7ca6edd8-e865-406a-af52-4cbcc644b0fe,134,new,Diego,,7/30/2025,vp0223.jpg
CLASHES,LEVEL 1,Closed,131 MD/PL,427a75a2-4de0-488c-a677-91b624e21635,133,new,Diego,,7/30/2025,vp0224.jpg
CLASHES,LEVEL 1,Closed,135 MD/FP,8413c462-5655-4b7c-ac8d-28a5df3b7a88,137,new,Diego,,7/30/2025,vp0225.jpg
CLASHES,LEVEL 1,Closed,123 FP,aab71608-ef01-42b2-9486-16d3ea965536,125,new,Diego,,7/30/2025,vp0226.jpg
CLASHES,LEVEL 1,Closed,120 FP,61875af2-62f1-4f48-85bf-0b81bc3b6be8,122,new,Diego,,7/30/2025,vp0227.jpg
CLASHES,LEVEL 1,Closed,126 MD/EE,941cf87a-4c80-49d0-a408-de32d15bbb82,128,new,Diego,,7/30/2025,vp0228.jpg
CLASHES,LEVEL 1,Closed,130 MD/EE,4140fcbc-ec3b-41e4-b172-0937551adc71,132,new,Diego,,7/30/2025,vp0229.jpg
CLASHES,LEVEL 1,Closed,134 MD/FP,f58db636-6fee-48ff-a99a-9895faceb5c9,136,new,Diego,,7/30/2025,vp0230.jpg
CLASHES,LEVEL 1,Closed,139 MD/FP,f621bb72-bc07-4bda-8019-74f41bb91c24,141,new,Diego,,7/30/2025,vp0231.jpg
CLASHES,LEVEL 1,Closed,138 EE/MD,15edc465-65f0-4e1e-9020-d5b4a7031cc8,140,new,Diego,,7/30/2025,vp0232.jpg
CLASHES,LEVEL 1,Closed,156 PL/MD,33989e6e-3da0-42ed-95df-f71b0bbbbb29,160,new,Diego,,8/13/2025,vp0233.jpg
CLASHES,LEVEL 1,Closed,164 MD,3b7cd957-8638-4a8c-bdb3-acc3940f8a9d,168,new,Diego,ADJUST MECHANICAL DUCCT SO IT DOESN NOT CLASH WITH SANITARY PIPES,8/20/2025,vp0234.jpg
CLASHES,LEVEL 1,Closed,147 MD,cba4e991-0c49-4208-a853-b273bf53fdde,151,new,Diego,EXTRACTION CLASHES WITH COLUMN,8/6/2025,vp0235.jpg
CLASHES,LEVEL 1,Closed,188 PL,f450a6c1-c105-49f6-89d9-3b86c2f8b97b,192,new,Diego,,9/3/2025,vp0236.jpg
CLASHES,LEVEL 1,Closed,189 PL,1777ba04-d577-4ee3-b6ac-3c1ab9b7b4f0,193,new,Diego,,9/3/2025,vp0237.jpg
CLASHES,LEVEL 1,Closed,198 FP,3b75e020-d728-4d48-b47c-ff42862c1834,202,new,Diego,"Resolve clashes with columns, risers and sprinkler heads positions",9/3/2025,vp0238.jpg
CLASHES,LEVEL 1,Closed,219 FP,d03ab471-5241-470c-ba7d-117fc013a0d3,223,new,Diego,Address issues with sprinkler heads position and clashes with columns,9/3/2025,vp0239.jpg
CLASHES,LEVEL 1,Closed,218 FP,0ac5c186-eadf-415c-be05-be8fa4ff785c,222,new,Diego,Address issues with sprinkler heads position and clashes with plumbing risers,9/3/2025,vp0240.jpg
CLASHES,LEVEL 1,Closed,217 FP,c49ccefc-6d8d-48f5-bd85-35f664a467f4,221,new,Diego,Address issues with sprinkler heads position,9/3/2025,vp0241.jpg
CLASHES,LEVEL 1,Closed,205 FP,5461ae27-e817-4494-85f9-3703eff86352,209,new,Diego,Resolve clashes plumbing risers and sprinkler heads positions,9/3/2025,vp0242.jpg
CLASHES,LEVEL 1,Closed,206 FP,4bb54fff-84d8-42ba-894f-245fb753cf42,210,new,Diego,Resolve clashes with sprinkler heads positions,9/3/2025,vp0243.jpg
CLASHES,LEVEL 1,Closed,207 FP,82d3a6db-461f-4021-99e5-8565b011009d,211,new,Diego,Resolve issues with sprinkler heads position,9/3/2025,vp0244.jpg
CLASHES,LEVEL 1,Closed,208 FP,43951c13-5c7b-4f03-8cc9-5bdb443036d2,212,new,Diego,Resolve issues with columns and sprinkler heads position,9/3/2025,vp0245.jpg
CLASHES,LEVEL 1,Closed,209 FP,5d69070c-2674-4fc3-b654-b8620eda3871,213,new,Diego,Resolve issues with sprinkler heads position,9/3/2025,vp0246.jpg
CLASHES,LEVEL 1,Closed,211 FP,1627d373-8103-4605-8738-922fa8c45b06,215,new,Diego,Resolve issues with sprinkler heads position,9/3/2025,vp0247.jpg
CLASHES,LEVEL 1,Closed,212 FP,16f15f61-61ed-4d98-8fd9-13d835eeaa9d,216,new,Diego,Resolve issues with sprinkler heads position,9/3/2025,vp0248.jpg
CLASHES,LEVEL 1,Closed,213 FP,976c90ec-7c80-4deb-b50e-33678107cc77,217,new,Diego,Resolve issues with plumbing risers and sprinkler heads position,9/3/2025,vp0249.jpg
CLASHES,LEVEL 1,Closed,204 FP,2e0288bc-6c10-4d46-98c9-f66f4ec6a6f7,208,new,Diego,Resolve clashes with sprinkler heads positions,9/3/2025,vp0250.jpg
CLASHES,LEVEL 1,Closed,203 FP,1eb6769c-8a31-43c8-a712-93d9bb9b5377,207,new,Diego,Resolve clashes with sprinkler heads positions,9/3/2025,vp0251.jpg
CLASHES,LEVEL 1,Closed,202 FP,5cebcd10-fda6-479e-b408-c24994f3dc62,206,new,Diego,Resolve clashes with sprinkler heads positions,9/3/2025,vp0252.jpg
CLASHES,LEVEL 1,Closed,224 FP,9ea051c9-b9a3-4a5e-850d-4cc636e0b864,228,new,Diego,Address issues with sprinkler heads position and clashes with plumbing risers,9/3/2025,vp0253.jpg
CLASHES,LEVEL 1,Closed,223 FP,585d4eab-465e-4560-bec4-0f929b6da5d8,227,new,Diego,Address issues with sprinkler heads position and clashes with plumbing risers,9/3/2025,vp0254.jpg
CLASHES,LEVEL 1,Closed,222 FP,d0f89b87-16c1-47c1-98b7-027740328d1b,226,new,Diego,Address issues with sprinkler heads position and clashes with plumbing risers,9/3/2025,vp0255.jpg
CLASHES,LEVEL 1,Closed,221 FP,b2065df1-6ce9-4145-9a07-c579ce95c880,225,new,Diego,Address issues with sprinkler heads position ,9/3/2025,vp0256.jpg
CLASHES,LEVEL 1,Closed,220 FP,8bf83e39-15b0-4ab4-b856-98ef0464fe00,224,new,Diego,Address issues with sprinkler heads position,9/3/2025,vp0257.jpg
CLASHES,LEVEL 1,Closed,228 PL,8deaede9-1f63-4669-85a8-62976397fc8e,232,new,Diego,ADJUST RUN SO IT DOENS NOT CLASH WITH DUCT,9/3/2025,vp0258.jpg
CLASHES,LEVEL 1,Closed,194 PL,e2b8b417-94c0-4899-8e38-ca73595ca84e,198,new,Diego,REVIEW PIPE,9/3/2025,vp0259.jpg
CLASHES,LEVEL 1,Closed,103 PL,82b54cfc-ba93-47b3-8ef9-4e509e0bd663,105,new,Diego,PIPES OUT OF CEILING,7/23/2025,vp0260.jpg
CLASHES,LEVEL 1,Closed,*RFI STAIRS,2db7ae3a-96ee-40f0-a89e-2970b703750a,,,,,,vp0261.jpg
CLASHES,LEVEL 1,Closed,141 FP/MD,a3a4fbee-29f6-493f-9718-16a75b5e4af1,143,new,Diego,,7/30/2025,vp0262.jpg
CLASHES,LEVEL 1,Closed,149 EE,01ca3e1c-5e94-4ee8-bfa8-127acb217922,153,new,Diego,ELECTRICAL CONDUIT CLASHES WITH HOT WATER,8/6/2025,vp0263.jpg
CLASHES,LEVEL 1,Closed,199 FP,2bb6f9c3-1a09-49a6-8764-5a6b3fe7d22c,203,new,Diego,Resolve clashes with sprinkler heads positions,9/3/2025,vp0264.jpg
CLASHES,LEVEL 1,Closed,200 FP,74c8b241-c9d9-4c34-be4e-5437447de9e1,204,new,Diego,Move fire sprinkler,9/3/2025,vp0265.jpg
CLASHES,LEVEL 1,Closed,201 FP,1b352fff-e29a-4fed-8d60-3108cfaafca8,205,new,Diego,Resolve clashes with plumbing risers and sprinkler heads positions,9/3/2025,vp0266.jpg
CLASHES,LEVEL 1,Closed,215 FP,e216ed7a-49f1-42a2-b4e7-59967474267a,219,new,Diego,Resolve issues with plumbing risers and sprinkler heads position,9/3/2025,vp0267.jpg
CLASHES,LEVEL 1,Closed,210 FP,2b690cfa-248c-456f-a9ca-8deac0a6b095,214,new,Diego,Resolve issues with sprinkler heads position,9/3/2025,vp0268.jpg
CLASHES,LEVEL 1,Closed,226 FP,786da7b0-cdda-4606-a5b8-c10cf6e92147,230,new,Diego,resolve clash with electrical,9/3/2025,vp0269.jpg
CLASHES,LEVEL 1,Closed,269 FP,53efd801-ffac-42f8-885b-481e331e9cd1,273,new,Diego,Sprinker head clashes with diffuser move to either side to avoid clashing,9/17/2025,vp0270.jpg
CLASHES,LEVEL 1,Closed,258 FP,178e0c84-0768-4d40-89bc-b05f737c9342,262,new,Diego,MOVE FIRE SPRINKLERS AS SHOWN,9/10/2025,vp0271.jpg
CLASHES,LEVEL 1,Closed,250 FP,eca5227b-bdd9-4fe7-986a-181412c507a3,254,new,Diego,MOVE FIRE SPRINKLERS AS SHOWN,9/10/2025,vp0272.jpg
CLASHES,LEVEL 1,Closed,239 FP,b9493a4b-9a36-47f4-966c-c5b7a57172ad,243,new,Diego,MOVE FIRE SPRINKLERS AS SHOWN,9/10/2025,vp0273.jpg
CLASHES,LEVEL 1,Closed,238 FP,f8b70a6c-cc9c-4845-a35b-a8112879d60a,242,new,Diego,MOVE FIRE SPRINKLERS AS SHOWN,9/10/2025,vp0274.jpg
CLASHES,LEVEL 1,Closed,235 FP,2f43fa59-25e0-4641-9741-dfea0878cd47,239,new,Diego,MOVE FIRE SPRINKLERS AS SHOWN,9/10/2025,vp0275.jpg
CLASHES,LEVEL 1,Closed,234 FP,28758ee4-308d-4020-9586-27278182f69e,238,new,Diego,MOVE FIRE SPRINKLERS AS SHOWN,9/10/2025,vp0276.jpg
CLASHES,LEVEL 1,Closed,214 FP,4c0061c7-77df-4e10-bf3d-2f42df139783,218,new,Diego,Resolve issues with plumbing risers and sprinkler heads position,9/3/2025,vp0277.jpg
CLASHES,LEVEL 1,Closed,216 FP,b734d6fc-af1c-4d14-80c0-c2611298ee09,220,new,Diego,Resolve issues with plumbing risers and sprinkler heads position,9/3/2025,vp0278.jpg
CLASHES,LEVEL 1,Closed,242 FP,09d86e3a-e9bb-49c7-99a4-ab906fde4bf3,246,new,Diego,MOVE FIRE SPRINKLERS AS SHOWN,9/10/2025,vp0279.jpg
CLASHES,LEVEL 1,Closed,243 FP,bd6982ac-545a-42fb-ade2-6fdffcceb7be,247,new,Diego,MOVE FIRE SPRINKLERS AS SHOWN,9/10/2025,vp0280.jpg
CLASHES,LEVEL 1,Closed,249 FP,0643d666-2401-4717-a69a-8303e5fec001,253,new,Diego,MOVE FIRE SPRINKLERS AS SHOWN,9/10/2025,vp0281.jpg
CLASHES,LEVEL 1,Closed,251 FP,27b2beb5-be0f-4b16-b654-a4153caf2921,255,new,Diego,MOVE FIRE SPRINKLERS AS SHOWN,9/10/2025,vp0282.jpg
CLASHES,LEVEL 1,Closed,252 FP,7c16bc9e-5b20-46ac-8d9e-61163ae34b09,256,new,Diego,MOVE FIRE SPRINKLERS AS SHOWN,9/10/2025,vp0283.jpg
CLASHES,LEVEL 1,Closed,253 FP,0db4f461-1eaa-40fb-850d-24a42e4a2db4,257,new,Diego,MOVE FIRE SPRINKLERS AS SHOWN,9/10/2025,vp0284.jpg
CLASHES,LEVEL 1,Closed,259 FP,69c558e7-93a8-40d1-b614-eff4d0553d8a,263,new,Diego,MOVE FIRE SPRINKLERS AS SHOWN,9/10/2025,vp0285.jpg
CLASHES,LEVEL 1,Closed,260 FP,37dbd081-e353-484a-b7ff-9e302be6f189,264,new,Diego,MOVE FIRE SPRINKLERS AS SHOWN,9/10/2025,vp0286.jpg
CLASHES,LEVEL 1,Closed,261 FP,e491fae4-211c-4886-99e2-27f4d1f01a6d,265,new,Diego,MOVE FIRE SPRINKLERS AS SHOWN,9/10/2025,vp0287.jpg
CLASHES,LEVEL 1,Closed,262 FP,82dd1c51-af39-46af-9426-6c99563f8928,266,new,Diego,MOVE FIRE SPRINKLERS AS SHOWN,9/10/2025,vp0288.jpg
CLASHES,LEVEL 1,Closed,263 FP,6f5a627f-ce60-4e28-b0a7-ed459f644908,267,new,Diego,MOVE FIRE SPRINKLERS AS SHOWN,9/10/2025,vp0289.jpg
CLASHES,LEVEL 1,Closed,264 FP,2b6b112f-96de-4507-bca9-294838bb512b,268,new,Diego,MOVE FIRE SPRINKLERS AS SHOWN,9/10/2025,vp0290.jpg
CLASHES,LEVEL 1,Closed,266 FP,f891d9d4-c846-4bfa-b2f0-63e3688dc665,270,new,Diego,MOVE FIRE SPRINKLERS AS SHOWN,9/10/2025,vp0291.jpg
CLASHES,LEVEL 1,Closed,267 FP,083f4fb4-3bb5-476c-b3b5-770a64b02579,271,new,Diego,MOVE FIRE SPRINKLERS AS SHOWN,9/10/2025,vp0292.jpg
CLASHES,LEVEL 1,Closed,271 FP,770deae5-e242-42bb-a338-912e74850f3c,275,new,Diego,Sprinker head clashes with diffuser move to either side to avoid clashing,9/17/2025,vp0293.jpg
CLASHES,LEVEL 1,Closed,270 FP,21a93388-0e42-40c9-8a69-9a5884688322,274,new,Diego,Sprinker head clashes with diffuser move to either side to avoid clashing,9/17/2025,vp0294.jpg
CLASHES,LEVEL 1,Closed,272 FP,9cda5d03-4740-4c79-b781-be30c55e04de,276,new,Diego,Sprinker head clashes with diffuser move to either side to avoid clashing,9/17/2025,vp0295.jpg
CLASHES,LEVEL 1,Closed,279 FP,1c80cd6b-f5dd-4d97-9cd4-8d27ac7b4413,283,new,Diego,SHIFT FIRE BRANCH AS SHOWN TO GIVE MORE ROOM FOR MECHANICAL ROOM TO GO ARROUND FIRE,9/24/2025,vp0296.jpg
CLASHES,LEVEL 1,Closed,236 FP,0adaae1e-6a88-4aa6-92f2-5090977fb521,240,new,Diego,MOVE FIRE MAIN AS SHOWN,9/10/2025,vp0297.jpg
CLASHES,LEVEL 1,Closed,244 MD,e4383bf9-075d-49b9-b8ae-bff6c2ca0257,248,new,Diego,MD CLASHES WITH PLUMBING REROUTE,9/10/2025,vp0298.jpg
CLASHES,LEVEL 1,Closed,245 PL,0b7ee915-eddb-4d76-94a6-8a805d2d2a9d,249,new,Diego,REVIEW POSIBLE FIXES FOR AREA,9/10/2025,vp0299.jpg
CLASHES,LEVEL 1,Closed,237 PL,8e72fb2a-4f42-4a66-8864-ed6b812e4a7f,241,new,Diego,MOVE CW MAIN DOWN BY 1.5 INCH TO MAKE ROOM FOR SRPINKLER SYSTEM,9/10/2025,vp0300.jpg
CLASHES,LEVEL 1,Closed,230 PL,96e0d05e-1acf-44fe-93eb-cebfd0e50d64,234,new,Diego,REROUTE SANITARY LINE TO AVOID DUCT,9/4/2025,vp0301.jpg
CLASHES,LEVEL 1,Closed,195 PL,37749f2e-234c-4643-9468-a2bf420977e8,199,new,Diego,UNDER REVIEW BY EOR,9/3/2025,vp0302.jpg
CLASHES,LEVEL 1,Closed,136 MD/PL,a1a29c7f-921e-4407-a538-52a1d043aa10,138,new,Diego,,7/30/2025,vp0303.jpg
CLASHES,CLUBHOUSE,open,273 FOUNDATION OVERALL,5bc8b965-2b16-40cb-8adb-1ecceaada17d,277,new,Diego,OVERALL ISSUES IN FOUNDATION LEVEL,9/18/2025,vp0304.jpg
